,RMSE,MAE
0,1.828522065707394,1.5829363266020338
